{
  "feature": "datapack-correctif-diamant:ore_gold_giant",
  "placement": [
    {
      "type": "minecraft:count",
      "count": 2
    },
    {
      "type": "minecraft:rarity_filter",
      "chance": 12
    },
    {
      "type": "minecraft:in_square"
    },
    {
      "type": "minecraft:height_range",
      "height": {
        "type": "minecraft:trapezoid",
        "min_inclusive": -32,
        "max_inclusive": 48
      }
    },
    {
      "type": "minecraft:biome"
    }
  ]
}