{
  "feature": "datapack-correctif-diamant:ore_iron_giant",
  "placement": [
    {
      "type": "minecraft:count",
      "count": 3
    },
    {
      "type": "minecraft:rarity_filter",
      "chance": 8
    },
    {
      "type": "minecraft:in_square"
    },
    {
      "type": "minecraft:height_range",
      "height": {
        "type": "minecraft:trapezoid",
        "min_inclusive": -16,
        "max_inclusive": 64
      }
    },
    {
      "type": "minecraft:biome"
    }
  ]
}